Year,State,Drivers_Male,Drivers_Male%,Drivers_Female,Drivers_Female%,Drivers_Total,Drivers_per_Vehicles,Residents,Residents_Male16+,Residents_Female16+,Residents_16+,Drivers_per_1000Residents,Drivers_per_1000Residents16+
2023,Alabama,1979339,48.42,2108546,51.58,4087885,0.75,5108468,2004675,2178781,4183456,800,977
2023,Alaska,274027,52.18,251168,47.82,525195,0.79,733406,310117,277389,587506,716,894
2023,Arizona,2945464,50.35,2904528,49.65,5849992,0.92,7431344,3054328,3095645,6149973,787,951
2023,Arkansas,1133111,49.12,1173810,50.88,2306921,0.7,3067732,1219331,1277202,2496533,752,924
2023,California,14110730,50.86,13631618,49.14,27742348,0.91,38965193,15933641,16166248,32099889,712,864
2023,Colorado,2169380,48.35,2317519,51.65,4486899,0.87,5877610,2474341,2418615,4892956,763,917
2023,Connecticut,1299296,49.36,1332977,50.64,2632273,0.93,3617176,1477419,1555751,3033170,728,868
2023,Delaware,430131,48.55,455891,51.45,886022,2.02,1031890,411726,446564,858290,859,1032
2023,Dist. of Col.,256482,49.21,264745,50.79,521227,1.65,678972,266331,303628,569959,768,914
2023,Florida,8448156,49.64,8570195,50.36,17018351,0.89,22610726,9281287,9754332,19035619,753,894
2023,Georgia,3542091,46.05,4149446,53.95,7691537,0.85,11029227,4326609,4645713,8972322,697,857
2023,Hawaii,478133,50.67,465538,49.33,943671,0.76,1435138,592437,596236,1188673,658,794
2023,Idaho,708658,50.69,689349,49.31,1398007,0.68,1964726,794322,792982,1587304,712,881
2023,Illinois,4285823,49.65,4345662,50.35,8631485,0.85,12549689,5076394,5279168,10355562,688,834
2023,Indiana,2319788,49.15,2400397,50.85,4720185,0.84,6862199,2744351,2830136,5574487,688,847
2023,Iowa,1181555,49.65,1198236,50.35,2379791,0.63,3207004,1301011,1313360,2614371,742,910
2023,Kansas,995224,49.16,1029259,50.84,2024483,0.82,2940546,1189774,1191336,2381110,688,850
2023,Kentucky,1466621,48.87,1534570,51.13,3001191,0.67,4526154,1814979,1879216,3694195,663,812
2023,Louisiana,1630596,47.89,1774007,52.11,3404603,0.77,4573749,1785074,1913324,3698398,744,921
2023,Maine,526805,49.45,538556,50.55,1065361,0.8,1395722,582831,614022,1196853,763,890
2023,Maryland,2118501,48.91,2212664,51.09,4331165,0.89,6180253,2433327,2633412,5066739,701,855
2023,Massachusetts,2387927,49.06,2479298,50.94,4867225,0.94,7001399,2863297,3048757,5912054,695,823
2023,Michigan,3804675,49.31,3910906,50.69,7715581,0.79,10037261,4085882,4228911,8314793,769,928
2023,Minnesota,2089136,50.31,2063574,49.69,4152710,0.72,5737915,2328865,2347550,4676415,724,888
2023,Mississippi,976261,47.13,1095153,52.87,2071414,0.93,2939690,1148650,1248290,2396940,705,864
2023,Missouri,2102694,48.8,2206074,51.2,4308768,0.78,6196156,2479851,2596935,5076786,695,849
2023,Montana,447812,50.96,430986,49.04,878798,0.37,1132812,474274,465208,939482,776,935
2023,Nebraska,731298,50.25,723985,49.75,1455283,0.75,1978379,791313,794987,1586300,736,917
2023,Nevada,1152715,51.09,1103722,48.91,2256437,0.85,3194176,1322056,1313936,2635992,706,856
2023,New Hampshire,532362,48.81,558344,51.19,1090706,0.78,1402054,595799,603232,1199031,778,910
2023,New Jersey,3420073,49.89,3434502,50.11,6854574,1.16,9290841,3730611,3915791,7646402,738,896
2023,New Mexico,765029,49.65,775712,50.35,1540741,0.84,2114371,864193,886514,1750707,729,880
2023,New York,6377385,51.79,5936806,48.21,12314191,1.32,19571216,7887940,8433417,16321357,629,754
2023,North Carolina,3884278,48.08,4194663,51.92,8078941,0.94,10835491,4329463,4611456,8940919,746,904
2023,North Dakota,281178,48.4,299740,51.6,580918,0.56,783926,324519,309124,633643,741,917
2023,Ohio,4142445,49.1,4293925,50.9,8436370,0.76,11785935,4738048,4944982,9683030,716,871
2023,Oklahoma,1207939,46.5,1389578,53.5,2597517,0.77,4053824,1610519,1650941,3261460,641,796
2023,Oregon,1560293,49.59,1586339,50.41,3146632,0.76,4233358,1759787,1800262,3560049,743,884
2023,Pennsylvania,4524197,49.53,4610092,50.47,9134289,0.85,12961683,5289966,5527319,10817285,705,844
2023,Rhode Island,370508,48.61,391768,51.39,762276,0.94,1095962,450310,478596,928906,696,821
2023,South Carolina,1949611,47.57,2148497,52.43,4098108,0.84,5373555,2134834,2310058,4444892,763,922
2023,South Dakota,349182,50.72,339295,49.28,688477,0.52,919318,373061,366165,739226,749,931
2023,Tennessee,2464585,48.11,2658199,51.89,5122784,0.75,7126489,2838565,3006580,5845145,719,876
2023,Texas,9502704,49.6,9656656,50.4,19159360,0.83,30503301,12052409,12265334,24317743,628,788
2023,Utah,1162694,50.57,1136597,49.43,2299291,0.76,3417734,1340525,1318052,2658577,673,865
2023,Vermont,238623,49.67,241840,50.33,480463,0.78,647464,274950,279729,554679,742,866
2023,Virginia,2794393,47.19,3127139,52.81,5921532,0.76,8715698,3517955,3662168,7180123,679,825
2023,Washington,3068506,51.06,2941336,48.94,6009842,0.83,7812880,3239032,3216166,6455198,769,931
2023,West Virginia,556034,49.13,575654,50.87,1131688,0.76,1770071,736463,746911,1483374,639,763
2023,Wisconsin,2200414,49.88,2210768,50.12,4411182,0.78,5910955,2441279,2459898,4901177,746,900
2023,Wyoming,225485,51.11,215710,48.89,441195,0.5,584057,243594,235246,478840,755,921
2022,Alabama,1979339,48.42,2108546,51.58,4087885,0.75,5074296,1959932,2133808,4093740,806,999
2022,Alaska,271585,52.11,249635,47.89,521220,0.77,733583,305057,270877,575934,711,905
2022,Arizona,2954582,50.53,2893078,49.47,5847660,0.98,7359197,2966110,2995623,5961733,795,981
2022,Arkansas,1133111,49.12,1173810,50.88,2306921,0.66,3045637,1190700,1239900,2430600,757,949
2022,California,14034707,50.79,13597396,49.21,27632103,0.9,39029342,15715745,15836963,31552708,708,876
2022,Colorado,2161648,48.28,2315799,51.72,4477447,0.89,5839926,2419496,2356821,4776317,767,937
2022,Connecticut,1297413,49.35,1331362,50.65,2628775,0.96,3626205,1450138,1536317,2986455,725,880
2022,Delaware,418567,48.55,443555,51.45,862122,1.86,1018396,401879,433486,835365,847,1032
2022,Dist. of Col.,251467,49.21,259518,50.79,510985,1.53,671803,262369,295178,557547,761,916
2022,Florida,8150288,49.41,8345268,50.59,16495556,0.87,22244823,9014338,9444715,18459053,742,894
2022,Georgia,3355651,45.59,4005048,54.41,7360699,0.83,10912876,4198479,4509831,8708310,674,845
2022,Hawaii,475654,50.76,461422,49.24,937076,0.77,1440196,588800,586867,1175667,651,797
2022,Idaho,706459,50.73,686185,49.27,1392644,0.71,1939033,770505,760224,1530729,718,910
2022,Illinois,4212142,49.5,4297276,50.5,8509418,0.78,12582032,5010175,5189423,10199598,676,834
2022,Indiana,2283148,49.06,2370660,50.94,4653808,0.75,6833037,2684311,2771755,5456066,681,853
2022,Iowa,1167490,49.6,1186556,50.4,2354046,0.62,3200517,1283751,1287174,2570925,736,916
2022,Kansas,1020937,49.74,1031536,50.26,2052473,0.79,2937150,1164416,1166426,2330842,699,881
2022,Kentucky,1462549,48.86,1531001,51.14,2993550,0.69,4512310,1779867,1846644,3626511,663,825
2022,Louisiana,1629912,47.91,1772035,52.09,3401947,0.91,4590241,1765329,1891212,3656541,741,930
2022,Maine,523581,49.37,536878,50.63,1060459,0.77,1385340,573617,596444,1170061,765,906
2022,Maryland,2156185,49.02,2242654,50.98,4398839,0.91,6164660,2392865,2581484,4974349,714,884
2022,Massachusetts,2398228,49.05,2490841,50.95,4889069,0.95,6981974,2817207,2988258,5805465,700,842
2022,Michigan,3834055,49.3,3942939,50.7,7776994,0.82,10034118,4027067,4152360,8179427,775,951
2022,Minnesota,2068629,50.24,2049157,49.76,4117786,0.75,5717184,2286421,2293022,4579443,720,899
2022,Mississippi,964382,47.11,1082687,52.89,2047069,0.86,2940057,1121457,1219835,2341292,696,874
2022,Missouri,2091452,48.75,2198939,51.25,4290391,0.77,6177957,2428875,2545917,4974792,694,862
2022,Montana,443707,50.95,427175,49.05,870882,0.41,1122867,463102,453187,916289,776,950
2022,Nebraska,726589,50.12,723229,49.88,1449818,0.76,1967923,773380,774410,1547790,737,937
2022,Nevada,1127898,51.02,1082791,48.98,2210689,0.83,3177772,1292065,1279958,2572023,696,860
2022,New Hampshire,594386,50.59,580440,49.41,1174826,0.84,1395231,586481,590919,1177400,842,998
2022,New Jersey,3291206,49.61,3342730,50.39,6633936,1.07,9261699,3671563,3839420,7510983,716,883
2022,New Mexico,744389,49.34,764186,50.66,1508575,0.84,2113344,842275,868184,1710459,714,882
2022,New York,6231878,51.57,5852797,48.43,12084675,1.29,19677151,7819238,8335003,16154241,614,748
2022,North Carolina,3834209,48.05,4146053,51.95,7980262,0.93,10698973,4194870,4477069,8671939,746,920
2022,North Dakota,271617,48.23,291544,51.77,563161,0.62,779261,315761,301949,617710,723,912
2022,Ohio,4116965,48.98,4288829,51.02,8405794,0.78,11756058,4658551,4847982,9506533,715,884
2022,Oklahoma,1188914,46.5,1367695,53.5,2556609,0.77,4019800,1573447,1605405,3178852,636,804
2022,Oregon,1537085,49.5,1567831,50.5,3104916,0.79,4240137,1742723,1766741,3509464,732,885
2022,Pennsylvania,4514209,49.47,4610053,50.53,9124262,0.84,12972008,5216873,5443468,10660341,703,856
2022,Rhode Island,370152,48.68,390262,51.32,760414,0.96,1093734,446284,469735,916019,695,830
2022,South Carolina,1947328,47.59,2144322,52.41,4091650,0.87,5282634,2067629,2226965,4294594,775,953
2022,South Dakota,344306,50.65,335405,49.35,679711,0.49,909824,363657,353308,716965,747,948
2022,Tennessee,2430645,48.02,2630643,51.98,5061288,0.77,7051339,2768908,2930695,5699603,718,888
2022,Texas,9278918,49.52,9460062,50.48,18738980,0.83,30029572,11671545,11799896,23471441,624,798
2022,Utah,1136679,50.46,1115977,49.54,2252656,0.81,3380800,1292583,1268261,2560844,666,880
2022,Vermont,237693,49.68,240728,50.32,478421,0.79,647064,270374,277676,548050,739,873
2022,Virginia,2745890,47.04,3091257,52.96,5837147,0.78,8683619,3453468,3587810,7041278,672,829
2022,Washington,3036029,50.97,2920019,49.03,5956048,0.77,7785786,3183176,3144875,6328051,765,941
2022,West Virginia,566132,49.3,582274,50.7,1148406,0.96,1775156,726955,739311,1466266,647,783
2022,Wisconsin,2182423,49.89,2192159,50.11,4374582,0.77,5892539,2395809,2407021,4802830,742,911
2022,Wyoming,220842,51.13,211058,48.87,431900,0.5,581381,237393,228490,465883,743,927
2021,Alabama,1966276,48.41,2095561,51.59,4061837,0.74,5039877,1941663,2106190,4047853,806,1003
2021,Alaska,271141,52.21,248147,47.79,519288,0.77,732673,301781,270692,572473,709,907
2021,Arizona,2928443,50.53,2866773,49.47,5795216,0.97,7276316,2907288,2946936,5854224,796,990
2021,Arkansas,1133111,49.12,1173810,50.88,2306921,0.66,3025891,1174476,1229980,2404456,762,959
2021,California,13781161,50.83,13331434,49.17,27112595,0.88,39237836,15652029,15844851,31496880,691,861
2021,Colorado,2136247,48.42,2275340,51.58,4411587,0.88,5812069,2384345,2333268,4717613,759,935
2021,Connecticut,1288277,49.43,1318119,50.57,2606396,0.95,3605597,1445070,1524169,2969239,723,878
2021,Delaware,412711,48.64,435793,51.36,848504,1.83,1003384,393790,425786,819576,846,1035
2021,Dist. of Col.,251467,49.21,259518,50.79,510985,1.53,670050,260163,294379,554542,763,921
2021,Florida,7961746,49.32,8182556,50.68,16144302,0.85,21781128,8774797,9218983,17993780,741,897
2021,Georgia,3669965,47.89,3993882,52.11,7663847,0.85,10799566,4137265,4440321,8577586,710,893
2021,Hawaii,466908,50.89,450556,49.11,917464,0.75,1441553,584865,584191,1169056,636,785
2021,Idaho,680815,50.68,662638,49.32,1343453,0.68,1900923,747086,740964,1488050,707,903
2021,Illinois,4129210,49.36,4235633,50.64,8364843,0.76,12671469,5006485,5201978,10208463,660,819
2021,Indiana,2273650,49.04,2362464,50.96,4636114,0.74,6805985,2660117,2745877,5405994,681,858
2021,Iowa,1162431,49.56,1182924,50.44,2345355,0.62,3193079,1268351,1274386,2542737,735,922
2021,Kansas,1036906,49.62,1052801,50.38,2089707,0.81,2934582,1152577,1161063,2313640,712,903
2021,Kentucky,1459636,48.98,1520695,51.02,2980331,0.69,4509394,1773504,1838532,3612036,661,825
2021,Louisiana,1647916,47.94,1789817,52.06,3437733,0.92,4624047,1775045,1888187,3663232,743,938
2021,Maine,522294,49.43,534241,50.57,1056535,0.76,1372247,563598,588554,1152152,770,917
2021,Maryland,2196521,49.47,2243236,50.53,4439757,0.92,6165129,2386107,2573233,4959340,720,895
2021,Massachusetts,2406983,49.12,2492948,50.88,4899931,0.95,6984723,2800726,2989498,5790224,702,846
2021,Michigan,3956081,49.56,4026390,50.44,7982471,0.85,10050811,4010611,4147379,8157990,794,978
2021,Minnesota,2083404,50.28,2059868,49.72,4143272,0.75,5707390,2265112,2278430,4543542,726,912
2021,Mississippi,958185,47.14,1074590,52.86,2032775,0.86,2949965,1124147,1215162,2339309,689,869
2021,Missouri,2082936,48.72,2192292,51.28,4275228,0.76,6168187,2417348,2527853,4945201,693,865
2021,Montana,436572,50.96,420124,49.04,856696,0.4,1104271,452458,444124,896582,776,956
2021,Nebraska,720131,50.05,718711,49.95,1438842,0.76,1963692,767214,768918,1536132,733,937
2021,Nevada,1098288,51.07,1052419,48.93,2150707,0.8,3143991,1267418,1257923,2525341,684,852
2021,New Hampshire,594386,50.59,580440,49.41,1174826,0.84,1388992,578417,586926,1165343,846,1008
2021,New Jersey,3184650,49.28,3277300,50.72,6461950,1.05,9267130,3650454,3835390,7485844,697,863
2021,New Mexico,726598,49.19,750615,50.81,1477213,0.82,2115877,840652,859276,1699928,698,869
2021,New York,6121887,51.54,5757170,48.46,11879057,1.27,19835913,7832814,8365684,16198498,599,733
2021,North Carolina,3730685,48.04,4034424,51.96,7765109,0.91,10551162,4119802,4401555,8521357,736,911
2021,North Dakota,282693,51.42,267028,48.58,549721,0.61,774948,313199,295416,608615,709,903
2021,Ohio,4052827,48.93,4230719,51.07,8283546,0.77,11780017,4636300,4845793,9482093,703,874
2021,Oklahoma,1207333,46.48,1390108,53.52,2597441,0.78,3986639,1548148,1586806,3134954,652,829
2021,Oregon,1496835,49.4,1533077,50.6,3029912,0.77,4246155,1727165,1759173,3486338,714,869
2021,Pennsylvania,4498723,49.44,4599847,50.56,9098570,0.84,12964056,5193748,5416650,10610398,702,858
2021,Rhode Island,367512,48.71,386995,51.29,754507,0.96,1095610,443238,469200,912438,689,827
2021,South Carolina,1899200,47.59,2091709,52.41,3990909,0.85,5190705,2020437,2183131,4203568,769,949
2021,South Dakota,339515,50.59,331634,49.41,671149,0.48,895376,354392,345037,699429,750,960
2021,Tennessee,2405407,48.02,2604290,51.98,5009697,0.76,6975218,2723603,2889893,5613496,718,892
2021,Texas,9054033,49.48,9243867,50.52,18297900,0.81,29527941,11359426,11555887,22915313,620,799
2021,Utah,1112563,50.46,1094645,49.54,2207208,0.81,3337975,1260547,1241728,2502275,675,900
2021,Vermont,233065,49.63,236559,50.37,469624,0.78,645570,268067,275221,543288,727,864
2021,Virginia,2849289,48.19,3063355,51.81,5912644,0.79,8642274,3423870,3552485,6976355,684,848
2021,Washington,2991264,50.97,2877245,49.03,5868509,0.76,7738692,3135324,3115088,6250412,758,939
2021,West Virginia,560853,49.27,577437,50.73,1138290,0.95,1782959,726859,740214,1467073,638,776
2021,Wisconsin,2166290,49.9,2174561,50.1,4340851,0.77,5895908,2379480,2395450,4774930,736,909
2021,Wyoming,220199,51.15,210273,48.85,430472,0.5,578803,236104,225857,461961,744,932
2020,Alabama,1956800,48.4,2086100,51.6,4042900,0.78,4921532,1828314,2005935,3917625,821,1032
2020,Alaska,271451,52.32,247421,47.68,518872,0.67,731158,263418,289009,553317,710,938
2020,Arizona,2877305,50.64,2804190,49.36,5681495,0.96,7421401,2753727,3021251,5662328,766,1003
2020,Arkansas,1057402,49.09,1096527,50.91,2153929,0.75,3030522,1111417,1219391,2322502,711,927
2020,California,13730114,50.84,13275188,49.16,27005302,0.88,39368078,14580188,15996656,30465205,686,886
2020,Colorado,2099231,48.83,2200216,51.17,4299447,0.8,5807719,2173275,2384409,4568613,740,941
2020,Connecticut,1241291,49.48,1267379,50.52,2508670,0.87,3557006,1353291,1484763,2875887,705,872
2020,Delaware,403856,48.7,425370,51.3,829226,0.82,986809,372960,409193,795090,840,1043
2020,Dist. of Col.,256577,49.26,264288,50.74,520865,1.68,712816,278105,305123,544215,731,957
2020,Florida,7755134,49.35,7960239,50.65,15715373,0.9,21733312,8336351,9146229,17491848,723,898
2020,Georgia,3583553,47.64,3938197,52.36,7521750,0.89,10710017,3914869,4295198,8275264,702,909
2020,Hawaii,470671,51.07,450876,48.93,921547,0.74,1407006,529856,581332,1137154,655,810
2020,Idaho,651522,50.69,633809,49.31,1285331,0.66,1826913,656067,719803,1431897,704,898
2020,Illinois,4059059,49.35,4166239,50.65,8225298,0.78,12587530,4677568,5131994,9868245,653,834
2020,Indiana,2223358,49.05,2309350,50.95,4532708,0.73,6754953,2474078,2714436,5218979,671,869
2020,Iowa,1124007,49.54,1144909,50.46,2268916,0.61,3163561,1162531,1275471,2456703,717,924
2020,Kansas,969756,48.38,1034546,51.62,2004302,0.75,2913805,1057177,1159882,2231518,688,898
2020,Kentucky,1425392,49.06,1480240,50.94,2905632,0.68,4477251,1657170,1818164,3493482,649,832
2020,Louisiana,1642187,48.06,1774461,51.94,3416648,0.92,4645318,1699467,1864571,3541104,736,965
2020,Maine,517826,49.42,530067,50.58,1047893,0.94,1350141,525462,576511,1120338,776,935
2020,Maryland,2211930,49.66,2242336,50.34,4454266,1.08,6055802,2251571,2470312,4801825,736,928
2020,Massachusetts,2432884,49.24,2507489,50.76,4940373,0.98,6893574,2647427,2904624,5622590,717,879
2020,Michigan,3458255,49.22,3568395,50.78,7026650,0.84,9966555,3738284,4101458,7897432,705,890
2020,Minnesota,2055978,50.27,2034286,49.73,4090264,0.76,5657342,2077163,2278960,4389823,723,932
2020,Mississippi,951163,47.15,1065948,52.85,2017111,0.98,2966786,1084163,1189490,2257130,680,894
2020,Missouri,2073027,48.67,2186645,51.33,4259672,0.78,6151548,2279340,2500779,4783630,692,890
2020,Montana,419495,50.74,407259,49.26,826754,0.44,1080577,405738,445156,869201,765,951
2020,Nebraska,720896,50.1,717925,49.9,1438821,0.75,1937552,697393,765144,1480808,743,972
2020,Nevada,1051969,51.16,1004425,48.84,2056394,0.82,3138259,1163807,1276872,2445243,655,841
2020,New Hampshire,528941,49.88,531440,50.12,1060381,0.78,1366275,530787,582354,1132616,776,936
2020,New Jersey,3057310,49.07,3173602,50.93,6230912,1.04,8882371,3312989,3634847,7244002,701,860
2020,New Mexico,724366,49.17,748853,50.83,1473219,0.82,2106319,779071,854757,1642656,699,897
2020,New York,5924977,48.59,6269383,51.41,12194360,1.08,19336776,7318704,8029718,15722590,631,776
2020,North Carolina,3680093,48.19,3957307,51.81,7637400,0.91,10600823,3955093,4339330,8249659,720,926
2020,North Dakota,278051,51.59,260955,48.41,539006,0.61,765309,278321,305359,589247,704,915
2020,Ohio,3973371,49.05,4126902,50.95,8100273,0.75,11693217,4350941,4773635,9174388,693,883
2020,Oklahoma,1184969,46.46,1365591,53.54,2550560,0.69,3980783,1443513,1583750,3025109,641,843
2020,Oregon,1450641,49.26,1494187,50.74,2944828,0.77,4241507,1612059,1768670,3384804,694,870
2020,Pennsylvania,4417594,49.47,4513083,50.53,8930677,0.84,12783254,4845861,5316636,10290047,699,868
2020,Rhode Island,357247,48.82,374468,51.18,731715,0.86,1057125,407828,447448,886783,692,825
2020,South Carolina,1861511,47.66,2044400,52.34,3905911,0.91,5218040,1955089,2145026,4073613,749,959
2020,South Dakota,332249,50.49,325842,49.51,658091,0.52,892717,321502,352736,674947,737,975
2020,Tennessee,2344543,48.07,2532725,51.93,4877268,0.86,6886834,2562255,2811178,5434544,708,897
2020,Texas,8745910,49.5,8921129,50.5,17667039,0.78,29360759,10454963,11470664,22052508,602,801
2020,Utah,1083825,50.42,1065941,49.58,2149766,0.9,3249879,1106551,1214052,2390732,661,899
2020,Vermont,228021,49.48,232850,50.52,460871,0.76,623347,243273,266908,528594,739,872
2020,Virginia,2848122,48.19,3061594,51.81,5909716,0.79,8590563,3206324,3517819,6757448,688,875
2020,Washington,2965355,51.02,2847145,48.98,5812500,0.81,7693612,2874290,3153528,6062570,755,959
2020,West Virginia,543225,49.3,558551,50.7,1101775,0.68,1784787,681172,747348,1423928,617,774
2020,Wisconsin,2154013,49.91,2161879,50.09,4315892,0.77,5832655,2181118,2393013,4621152,740,934
2020,Wyoming,218634,51.17,208599,48.83,427233,0.52,582328,214213,235024,446379,734,957
2019,Alabama,1949470,48.42,2076681,51.58,4026151,0.78,4903185,1878083,2060539,3938622,821,1022
2019,Alaska,277367,52.4,251914,47.6,529281,0.68,731545,298631,271684,570315,724,928
2019,Arizona,2685714,50.02,2683496,49.98,5369210,0.91,7278717,2875126,2948316,5823442,738,922
2019,Arkansas,1057402,49.09,1096527,50.91,2153929,0.75,3017804,1163461,1233068,2396529,714,899
2019,California,13847935,50.89,13365715,49.11,27213650,0.89,39512223,15608250,16008558,31616808,689,861
2019,Colorado,2089963,49.35,2145421,50.65,4235384,0.79,5758736,2331361,2311510,4642871,735,912
2019,Connecticut,1292522,49.56,1315539,50.44,2608061,0.91,3565287,1414937,1514410,2929347,732,890
2019,Delaware,395860,48.72,416669,51.28,812529,0.8,973764,379615,413801,793416,834,1024
2019,Dist. of Col.,263786,49.25,271793,50.75,535579,1.73,705749,274936,312920,587856,759,911
2019,Florida,7645376,49.13,7915252,50.87,15560628,0.89,21477737,8580965,9143783,17724748,725,878
2019,Georgia,3466599,47.74,3794667,52.26,7261266,0.86,10617423,4032512,4369708,8402220,684,864
2019,Hawaii,483886,51.3,459287,48.7,943173,0.75,1415872,570028,576986,1147014,666,822
2019,Idaho,633934,50.61,618601,49.39,1252535,0.64,1787065,693061,696711,1389772,701,901
2019,Illinois,4223370,49.41,4323562,50.59,8546932,0.81,12671821,4955735,5227538,10183273,674,839
2019,Indiana,2253445,49.1,2335960,50.9,4589405,0.74,6732219,2609632,2734641,5344273,682,859
2019,Iowa,1127259,49.56,1147172,50.44,2274431,0.61,3155070,1240941,1268912,2509853,721,906
2019,Kansas,1070835,49.71,1083425,50.29,2154260,0.81,2913314,1133837,1158213,2292050,739,940
2019,Kentucky,1486939,49.07,1543390,50.93,3030329,0.71,4467673,1744943,1832711,3577654,678,847
2019,Louisiana,1649791,48.03,1785377,51.97,3435168,0.92,4648794,1773510,1906236,3679746,739,934
2019,Maine,517562,49.47,528567,50.53,1046129,0.94,1344212,546182,579508,1125690,778,929
2019,Maryland,2216568,49.66,2247294,50.34,4463862,1.08,6045680,2324575,2536069,4860644,738,918
2019,Massachusetts,2443091,49.35,2506965,50.65,4950056,0.98,6892503,2738158,2965273,5703431,718,868
2019,Michigan,3519347,49.28,3622147,50.72,7141494,0.85,9986857,3951566,4145351,8096917,715,882
2019,Minnesota,2146519,50.23,2126508,49.77,4273027,0.8,5639632,2218030,2262905,4480935,758,954
2019,Mississippi,974505,47.35,1083531,52.65,2058036,1,2976149,1126934,1229872,2356806,692,873
2019,Missouri,2078561,48.63,2195828,51.37,4274389,0.78,6137428,2390804,2531010,4921814,696,868
2019,Montana,411940,50.74,399911,49.26,811851,0.43,1068778,433730,431781,865511,760,938
2019,Nebraska,717199,50.13,713619,49.87,1430818,0.74,1934408,749051,761625,1510676,740,947
2019,Nevada,1050751,51.15,1003670,48.85,2054421,0.81,3080156,1229823,1234019,2463842,667,834
2019,New Hampshire,604347,50.56,590864,49.44,1195211,0.88,1359711,559694,577052,1136746,879,1051
2019,New Jersey,3136876,49.19,3240537,50.81,6377413,1.07,8882190,3466571,3703310,7169881,718,889
2019,New Mexico,713944,49.25,735767,50.75,1449711,0.81,2096829,823262,852901,1676163,691,865
2019,New York,5924977,48.59,6269383,51.41,12194360,1.08,19453561,7620683,8260724,15881407,627,768
2019,North Carolina,3678261,48.27,3941740,51.73,7620001,0.91,10488084,4061370,4389832,8451202,727,902
2019,North Dakota,287069,51.63,268995,48.37,556064,0.63,762062,306862,292560,599422,730,928
2019,Ohio,3896574,48.51,4136218,51.49,8032792,0.74,11689100,4565092,4843997,9409089,687,854
2019,Oklahoma,1169289,46.35,1353381,53.65,2522670,0.68,3956971,1527522,1582692,3110214,638,811
2019,Oregon,1478808,49.26,1523206,50.74,3002014,0.78,4217737,1697063,1751829,3448892,712,870
2019,Pennsylvania,4448102,49.49,4539574,50.51,8987676,0.84,12801989,5083987,5391020,10475007,702,858
2019,Rhode Island,371462,48.81,389584,51.19,761046,0.89,1059361,423661,456039,879700,718,865
2019,South Carolina,1852116,47.76,2025852,52.24,3877968,0.9,5148714,1991111,2171169,4162280,753,932
2019,South Dakota,327435,50.48,321228,49.52,648663,0.52,884659,346867,343114,689981,733,940
2019,Tennessee,2300894,48.07,2486079,51.93,4786973,0.85,6829174,2648523,2841633,5490156,701,872
2019,Texas,8822318,49.5,9000442,50.5,17822760,0.79,28995881,11048784,11372394,22421178,615,795
2019,Utah,1069204,50.41,1051895,49.59,2121099,0.89,3205958,1190031,1188326,2378357,662,892
2019,Vermont,234478,49.61,238155,50.39,472633,0.78,623989,256691,267221,523912,757,902
2019,Virginia,2836566,48.17,3051630,51.83,5888196,0.78,8535519,3355649,3528583,6884232,690,855
2019,Washington,2912919,51,2798217,49,5711136,0.79,7614893,3052263,3079405,6131668,750,931
2019,West Virginia,557755,49.34,572635,50.66,1130389,0.69,1792147,724833,749782,1474615,631,767
2019,Wisconsin,2143932,49.9,2152714,50.1,4296646,0.77,5822434,2325066,2378336,4703402,738,914
2019,Wyoming,216939,51.15,207176,48.85,424115,0.51,578759,233372,226267,459639,733,923
2018,Alabama,1939120,48.49,2059937,51.51,3999057,0.77,4887871,1873206,2051459,3924665,818,1019
2018,Alaska,281297,52.48,254736,47.52,536033,0.69,737438,300173,272699,572872,727,936
2018,Arizona,2645777,50.06,2639193,49.94,5284970,0.92,7171646,2822894,2893459,5716353,737,925
2018,Arkansas,1052671,49.07,1092663,50.93,2145334,0.77,3013825,1160540,1229433,2389973,712,898
2018,California,13755501,50.87,13283899,49.13,27039400,0.89,39557045,15584687,15992312,31576999,684,856
2018,Colorado,2194476,51.7,2050237,48.3,4244713,0.8,5695564,2293825,2278929,4572754,745,928
2018,Connecticut,1290562,49.53,1315050,50.47,2605612,0.91,3572665,1415760,1514580,2930340,729,889
2018,Delaware,382824,48.67,403680,51.33,786504,0.78,967171,376776,410009,786785,813,1000
2018,Dist. of Col.,260438,49.35,267293,50.65,527731,1.72,702455,274188,311379,585567,751,901
2018,Florida,7550785,49.13,7817910,50.87,15368695,0.89,21299325,8501791,9057134,17558925,722,875
2018,Georgia,3423998,47.76,3744735,52.24,7168733,0.86,10519475,3987512,4317489,8305001,681,863
2018,Hawaii,488143,51.47,460274,48.53,948417,0.76,1420491,571073,576941,1148014,668,826
2018,Idaho,633934,50.61,618601,49.39,1252535,0.67,1754208,677163,681210,1358373,714,922
2018,Illinois,4218990,48.41,4495798,51.59,8714788,0.83,12741080,4972378,5245621,10217999,684,853
2018,Indiana,2253445,49.1,2335960,50.9,4589405,0.74,6691878,2590051,2715093,5305144,686,865
2018,Iowa,1119487,49.53,1140784,50.47,2260271,0.62,3156145,1238894,1268380,2507274,716,901
2018,Kansas,1070810,49.82,1078620,50.18,2149430,0.81,2911505,1129904,1154412,2284316,738,941
2018,Kentucky,1489984,49.13,1542546,50.87,3032530,0.71,4468402,1743468,1830309,3573777,679,849
2018,Louisiana,1645587,48.04,1779848,51.96,3425435,0.9,4659978,1777964,1906587,3684551,735,930
2018,Maine,514341,49.43,526241,50.57,1040582,0.94,1338404,542488,575989,1118477,777,930
2018,Maryland,2184693,49.56,2223280,50.44,4407973,1.07,6042718,2322922,2531710,4854632,729,908
2018,Massachusetts,2442439,49.4,2502227,50.6,4944666,0.98,6902149,2737188,2964328,5701516,716,867
2018,Michigan,3505792,49.01,3647853,50.99,7153645,0.86,9995915,3948056,4143140,8091196,716,884
2018,Minnesota,1701761,50.18,1689296,49.82,3391057,0.63,5611179,2202739,2249525,4452264,604,762
2018,Mississippi,974505,47.35,1083531,52.65,2058036,1,2986530,1129063,1232117,2361180,689,872
2018,Missouri,2078099,48.63,2194861,51.37,4272960,0.78,6126452,2383213,2522946,4906159,697,871
2018,Montana,409836,50.84,396368,49.16,806204,0.44,1062305,430270,428175,858445,759,939
2018,Nebraska,712326,50.15,707991,49.85,1420317,0.74,1929268,745508,758716,1504224,736,944
2018,Nevada,1013658,51.11,969795,48.89,1983453,0.8,3034392,1208558,1212994,2421552,654,819
2018,New Hampshire,587031,50.53,574634,49.47,1161665,0.87,1356458,556757,574068,1130825,856,1027
2018,New Jersey,3119373,49.18,3223503,50.82,6342876,1.06,8908520,3472212,3711830,7184042,712,883
2018,New Mexico,720611,49.41,737822,50.59,1458433,0.81,2095428,819874,849025,1668899,696,874
2018,New York,5924977,48.59,6269383,51.41,12194360,1.07,19542209,7645059,8291594,15936653,624,765
2018,North Carolina,3627569,48.31,3881662,51.69,7509231,0.93,10383620,4013702,4336187,8349889,723,899
2018,North Dakota,290194,51.7,271139,48.3,561333,0.64,760077,306848,291823,598671,739,938
2018,Ohio,3896537,48.51,4136128,51.49,8032665,0.74,11689442,4560299,4839799,9400098,687,855
2018,Oklahoma,1160904,46.36,1343349,53.64,2504253,0.68,3943079,1518004,1574054,3092058,635,810
2018,Oregon,1438753,49.09,1491949,50.91,2930702,0.76,4190713,1680548,1735101,3415649,699,858
2018,Pennsylvania,4452466,49.52,4538904,50.48,8991370,0.85,12807060,5079203,5390635,10469838,702,859
2018,Rhode Island,369905,48.87,387061,51.13,756966,0.88,1057315,422093,454881,876974,716,863
2018,South Carolina,1845703,47.99,2000366,52.01,3846069,0.9,5084127,1965101,2138664,4103765,756,937
2018,South Dakota,322365,50.49,316063,49.51,638428,0.51,882235,345500,341551,687051,724,929
2018,Tennessee,2783320,51.33,2639109,48.67,5422429,0.97,6770010,2622675,2813213,5435888,801,998
2018,Texas,8591430,49.46,8778953,50.54,17370383,0.79,28701845,10905883,11220158,22126041,605,785
2018,Utah,1022425,50.35,1008219,49.65,2030644,0.87,3161105,1165467,1164700,2330167,642,871
2018,Vermont,280981,49.74,283911,50.26,564892,0.93,626299,256814,267780,524594,902,1077
2018,Virginia,2856249,48.17,3072782,51.83,5929031,0.79,8517685,3342739,3516522,6859261,696,864
2018,Washington,3028517,51.24,2881450,48.76,5909967,0.85,7535591,3011488,3041809,6053297,784,976
2018,West Virginia,561579,49.4,575196,50.6,1136775,0.69,1805832,729459,754655,1484114,630,766
2018,Wisconsin,2149326,50.12,2138845,49.88,4288171,0.77,5813568,2315476,2370801,4686277,738,915
2018,Wyoming,214331,51.12,204925,48.88,419256,0.51,577737,232568,224826,457394,726,917
2017,Alabama,1928441,48.77,2025937,51.23,3954378,0.8,4874747,1868128,2041724,3909852,811,1011
2017,Alaska,252875,47.3,281710,52.7,534585,0.68,739795,302062,272501,574563,723,930
2017,Arizona,2589302,50.13,2575664,49.87,5164966,0.88,7016270,2751365,2819710,5571075,736,927
2017,Arkansas,1170336,48.41,1247128,51.59,2417464,0.87,3004279,1156006,1223437,2379443,805,1016
2017,California,13624228,50.88,13152904,49.12,26777132,0.89,39536653,15547670,15963464,31511134,677,850
2017,Colorado,2120831,51.03,2035307,48.97,4156138,0.8,5607154,2249814,2237901,4487715,741,926
2017,Connecticut,1279529,49.46,1307465,50.54,2586994,0.92,3588184,1420417,1519237,2939654,721,880
2017,Delaware,375362,48.72,395150,51.28,770512,0.8,961939,373968,407154,781122,801,986
2017,Dist. of Col.,256312,49.19,264744,50.81,521056,1.68,693972,271876,308290,580166,751,898
2017,Florida,7407238,49.13,7669120,50.87,15076358,0.9,20984400,8362989,8913715,17276704,718,873
2017,Georgia,3370070,47.73,3690274,52.27,7060344,0.85,10429379,3945745,4264304,8210049,677,860
2017,Hawaii,491063,51.64,459945,48.36,951008,0.77,1427538,575132,578014,1153146,666,825
2017,Idaho,599355,50.35,591012,49.65,1190367,0.65,1716943,659669,664149,1323818,693,899
2017,Illinois,4210963,49.37,4318441,50.63,8529404,0.79,12802023,4987547,5259013,10246560,666,832
2017,Indiana,2235286,49.09,2318298,50.91,4553584,0.74,6666818,2576485,2702038,5278523,683,863
2017,Iowa,1112382,49.51,1134447,50.49,2246829,0.61,3145711,1232774,1264238,2497012,714,900
2017,Kansas,1004803,49.5,1025066,50.5,2029869,0.75,2913123,1129047,1151882,2280929,697,890
2017,Kentucky,1485614,49.21,1533394,50.79,3019008,0.72,4454189,1736651,1823379,3560030,678,848
2017,Louisiana,1645894,48.05,1779762,51.95,3425656,0.9,4684333,1788161,1912137,3700298,731,926
2017,Maine,510483,49.43,522220,50.57,1032703,0.96,1335907,540924,573838,1114762,773,926
2017,Maryland,2141533,49.46,2187970,50.54,4329503,1.01,6052177,2326833,2533692,4860525,715,891
2017,Massachusetts,2417853,48.99,2517323,51.01,4935176,0.98,6859819,2717230,2940851,5658081,719,872
2017,Michigan,3477051,49,3618727,51,7095778,0.84,9962311,3926876,4124916,8051792,712,881
2017,Minnesota,1704865,50.22,1689950,49.78,3394815,0.6,5576606,540924,573838,1114762,609,3045
2017,Mississippi,974215,47.43,1079709,52.57,2053924,1.01,2984100,1124757,1229445,2354202,688,872
2017,Missouri,2078652,48.63,2196132,51.37,4274784,0.78,6113532,2376314,2513996,4890310,699,874
2017,Montana,409982,50.79,397277,49.21,807259,0.43,1050493,424652,422300,846952,768,953
2017,Nebraska,704348,50.15,700131,49.85,1404479,0.73,1920076,740926,755085,1496011,731,939
2017,Nevada,979647,51.07,938658,48.93,1918305,0.79,2998039,1192868,1196720,2389588,640,803
2017,New Hampshire,553759,50.18,549865,49.82,1103624,0.84,1342795,549634,567072,1116706,822,988
2017,New Jersey,3099073,49.18,3202290,50.82,6301363,1.05,9005644,3507039,3755693,7262732,700,868
2017,New Mexico,730295,49.57,742967,50.43,1473262,0.86,2088070,814015,842271,1656286,706,889
2017,New York,5929700,48.66,6255613,51.34,12185313,1.13,19849399,7760631,8416708,16177339,614,753
2017,North Carolina,3571303,48.33,3818164,51.67,7389467,0.93,10273419,3965375,4275934,8241309,719,897
2017,North Dakota,290784,51.77,270883,48.23,561667,0.54,755393,306307,290594,596901,744,941
2017,Ohio,3885181,48.49,4126524,51.51,8011705,0.75,11658609,4540583,4823146,9363729,687,856
2017,Oklahoma,1160690,46.32,1345299,53.68,2505989,0.67,3930864,1511510,1566373,3077883,638,814
2017,Oregon,1432970,49.23,1477622,50.77,2910592,0.72,4142776,1657067,1712379,3369446,703,864
2017,Pennsylvania,4440688,49.53,4524167,50.47,8964855,0.85,12805537,5072347,5388360,10460707,700,857
2017,Rhode Island,368108,48.87,385094,51.13,753202,0.88,1059639,421855,455807,877662,711,858
2017,South Carolina,1830956,48.04,1980006,51.96,3810962,0.91,5024369,1940768,2106586,4047354,758,942
2017,South Dakota,317276,50.48,311230,49.52,628506,0.51,869666,340052,337105,677157,723,928
2017,Tennessee,2761901,51.36,2615752,48.64,5377653,0.95,6715984,2596568,2786799,5383367,801,999
2017,Texas,8465417,49.51,8633923,50.49,17099340,0.78,28304596,10724235,11037637,21761872,604,786
2017,Utah,1005220,50.38,990157,49.62,1995377,0.86,3101833,1136653,1138675,2275328,643,877
2017,Vermont,278720,49.75,281527,50.25,560247,0.92,623657,255412,265927,521339,898,1075
2017,Virginia,2855000,48.17,3071430,51.83,5926430,0.8,8470020,3321806,3492856,6814662,700,870
2017,Washington,2969928,51.49,2798353,48.51,5768281,0.82,7405743,2955814,2987142,5942956,779,971
2017,West Virginia,567980,49.44,580806,50.56,1148786,0.7,1815857,731355,758188,1489543,633,771
2017,Wisconsin,2111688,49.87,2123105,50.13,4234793,0.77,5795483,2303900,2360257,4664157,731,908
2017,Wyoming,215906,51.11,206559,48.89,422465,0.53,579315,232720,224682,457402,729,924
2016,Alabama,1913487,48.5,2029595,51,3943082,0.74,4863300,1862731,2033606,3896337,811,1012
2016,Alaska,252875,47.3,281710,53,534585,0.69,741894,302472,272432,574904,721,930
2016,Arizona,2552249,50.2,2530056,50,5082305,0.89,6931071,2706102,2779736,5485838,733,926
2016,Arkansas,1158338,48.4,1232765,52,2391103,0.86,2988248,1148262,1215626,2363888,800,1012
2016,California,13331944,50.9,12867492,49,26199436,0.88,39250017,15378392,15811628,31190020,668,840
2016,Colorado,2086189,51.3,1980391,49,4066580,0.8,5540545,2211819,2207221,4419040,734,920
2016,Connecticut,1291397,49.5,1319610,51,2611007,0.92,3576452,1409891,1509885,2919776,730,894
2016,Delaware,367808,48.6,388520,51,756328,0.76,952065,369049,402404,771453,794,980
2016,Dist. of Col.,241802,49.4,248029,51,489831,1.62,681170,267681,303051,570732,719,858
2016,Florida,7206475,49.1,7468685,51,14675160,0.9,20612439,8200700,8749239,16949939,712,866
2016,Georgia,3327867,47.7,3648033,52,6975900,0.86,10310371,3889622,4199268,8088890,677,862
2016,Hawaii,481461,51.7,450242,48,931703,0.77,1428557,575568,576619,1152187,652,809
2016,Idaho,583602,50.3,577320,50,1160922,0.63,1683140,645248,650014,1295262,690,896
2016,Illinois,4200790,49.34,4313854,51,8514644,0.84,12801539,4973453,5245319,10218772,665,833
2016,Indiana,2237101,49.1,2316158,51,4553259,0.74,6633053,2557592,2684104,5241696,686,869
2016,Iowa,1111840,49.5,1133800,50,2245640,0.62,3134693,1227404,1259188,2486592,716,903
2016,Kansas,1004834,49.5,1025191,51,2030025,0.77,2907289,2272404,2272404,4544808,698,447
2016,Kentucky,1492573,49.2,1538874,51,3031447,0.73,4436974,1728719,1813875,3542594,683,856
2016,Louisiana,1632808,48.1,1762287,52,3395095,0.89,4681666,1785544,1907555,3693099,725,919
2016,Maine,504674,49.4,516658,51,1021332,0.94,1331479,538121,570553,1108674,767,921
2016,Maryland,2103981,49.3,2160894,51,4264875,1.04,6016447,2306124,2516466,4822590,709,884
2016,Massachusetts,2473050,49.1,2567612,51,5040662,1.01,6811779,2688163,2914133,5602296,740,900
2016,Michigan,3464410,49,3610264,51,7074674,0.86,9928300,3900957,4104099,8005056,713,884
2016,Minnesota,1697475,50.3,1680435,50,3377910,0.64,5519952,2162790,2212345,4375135,612,772
2016,Mississippi,957284,47.4,1061578,53,2018862,0.98,2988726,1123917,1227419,2351336,675,859
2016,Missouri,2066910,48.6,2182669,51,4249579,0.75,6093000,2364551,2501669,4866220,697,873
2016,Montana,405029,50.8,392116,49,797145,0.45,1042520,421152,418958,840110,765,949
2016,Nebraska,704348,50.2,700131,50,1404479,0.74,1907116,734392,750361,1484753,736,946
2016,Nevada,956291,51.1,916085,49,1872376,0.79,2940058,1166322,1171830,2338152,637,801
2016,New Hampshire,549729,50.2,546505,50,1096234,0.84,1334795,544866,562536,1107402,821,990
2016,New Jersey,3066313,49.2,3172123,51,6238436,1.06,8944469,3476185,3720808,7196993,697,867
2016,New Mexico,758190,49.8,763595,50,1521785,0.85,2081015,809169,837421,1646590,731,924
2016,New York,5814353,48.7,6133215,51,11947568,1.08,19745289,7699982,8351526,16051508,605,744
2016,North Carolina,3515543,48.4,3751499,52,7267042,0.89,10146788,3896650,4217131,8113781,716,896
2016,North Dakota,288618,51.9,267317,48,555935,0.64,757952,307492,291456,598948,733,928
2016,Ohio,3866323,48.5,4108628,52,7974951,0.75,11614373,4515078,4797181,9312259,687,856
2016,Oklahoma,1154923,46.2,1343255,54,2498178,0.67,3923561,1506744,1561122,3067866,637,814
2016,Oregon,1406168,49.2,1449578,51,2855746,0.77,4093465,1633718,1690773,3324491,698,859
2016,Pennsylvania,4461263,49.6,4535552,50,8996815,0.85,12784227,5057124,5372990,10430114,704,863
2016,Rhode Island,368146,48.9,384997,51,753143,0.88,1056426,419557,454243,873800,713,862
2016,South Carolina,1799712,48,1946969,52,3746681,0.91,4961119,1913729,2075344,3989073,755,939
2016,South Dakota,314356,50.5,308307,50,622663,0.51,865454,338429,336246,674675,719,923
2016,Tennessee,2683909,51.6,2513995,48,5197904,0.94,6651194,2565245,2757358,5322603,781,977
2016,Texas,7824635,49.3,8055241,51,15879876,0.74,27862596,9116438,9521795,18638233,570,852
2016,Utah,988484,50.4,971882,50,1960366,0.86,3051217,1113127,1114630,2227757,642,880
2016,Vermont,275292,49.7,278378,50,553670,0.92,624594,255087,266036,521123,886,1062
2016,Virginia,2846993,48.2,3065055,52,5912048,0.83,8411808,3290937,3463319,6754256,703,875
2016,Washington,2908119,51.6,2727596,48,5635715,0.82,7288000,2901736,2937958,5839694,773,965
2016,West Virginia,574199,49.5,585149,50,1159348,0.7,1831102,736272,763695,1499967,633,773
2016,Wisconsin,2098274,49.9,2108496,50,4206770,0.77,5778708,2292297,2350197,4642494,728,906
2016,Wyoming,214785,51,206313,49,421098,0.5,585501,235117,226243,461360,719,913
2015,Alabama,1896942,48.55,2010096,51,3907038,0.73,4858979,1856630,2027412,3884042,804,1006
2015,Alaska,251993,47.26,281234,53,533227,0.67,738432,303164,268654,571818,722,933
2015,Arizona,2502985,50.27,2475777,50,4978762,0.9,6828065,2656888,2730667,5387555,729,924
2015,Arkansas,1041548,49.14,1078030,51,2119578,0.78,2978204,1142655,1209829,2352484,712,901
2015,California,12968614,50.79,12564306,49,25532920,0.89,39144818,15312391,15743511,31055902,652,822
2015,Colorado,2037265,51.26,1937256,49,3974521,0.8,5456574,2169532,2166806,4336338,728,917
2015,Connecticut,1267221,49.37,1299452,51,2566673,0.91,3590886,1410989,1512679,2923668,715,878
2015,Delaware,360931,48.61,381593,51,742524,0.78,945934,365838,398937,764775,785,971
2015,Dist. of Col.,223265,49,232337,51,455602,1.58,672228,264264,300174,564438,678,807
2015,Florida,6988162,49,7274553,51,14262715,0.9,20271272,8051362,8594046,16645408,704,857
2015,Georgia,3292710,47.68,3613481,52,6906191,0.87,10214860,3848476,4143883,7992359,676,864
2015,Hawaii,470553,51.72,439244,48,909797,0.75,1431603,582093,570536,1152629,636,789
2015,Idaho,570440,50.26,564569,50,1135009,0.62,1654930,632148,637722,1269870,686,894
2015,Illinois,4171408,49.29,4290785,51,8462193,0.81,12859995,4981045,5263154,10244199,658,826
2015,Indiana,2191875,49.06,2275973,51,4467848,0.74,6619680,2546934,2675588,5222522,675,855
2015,Iowa,1100569,49.48,1123561,51,2224130,0.62,3123899,1221223,1255757,2476980,712,898
2015,Kansas,1004041,49.49,1024616,51,2028657,0.78,2911641,1125540,1145916,2271456,697,893
2015,Kentucky,1489840,49.31,1531426,51,3021266,0.74,4425092,1719407,1808687,3528094,683,856
2015,Louisiana,1616983,48.17,1740108,52,3357091,0.88,4670724,1778150,1900915,3679065,719,912
2015,Maine,504049,49.42,515830,51,1019879,0.94,1329328,536021,569057,1105078,767,923
2015,Maryland,2063601,49.3,2122151,51,4185752,1.03,6006401,2301582,2509404,4810986,697,870
2015,Massachusetts,2473050,49.06,2567612,51,5040662,1.01,6794422,2673282,2901700,5574982,742,904
2015,Michigan,3476382,48.93,3628102,51,7104484,0.86,9922576,3886538,4097088,7983626,716,890
2015,Minnesota,1683375,50.23,1668055,50,3351430,0.64,5489594,2146150,2201418,4347568,611,771
2015,Mississippi,943750,47.46,1044646,53,1988396,0.97,2992333,1122482,1225123,2347605,664,847
2015,Missouri,2048659,48.62,2164643,51,4213302,0.76,6083672,2354612,2496673,4851285,693,868
2015,Montana,397220,50.83,384207,49,781427,0.48,1032949,416688,415155,831843,757,939
2015,Nebraska,699394,50.16,694907,50,1394301,0.72,1896190,730256,745902,1476158,735,945
2015,Nevada,938460,51.13,897051,49,1835511,0.8,2890845,1146779,1149043,2295822,635,800
2015,New Hampshire,539007,50.15,535759,50,1074766,0.84,1330608,540284,559986,1100270,808,977
2015,New Jersey,3033720,49.09,3145598,51,6179318,1.06,8958013,3473439,3721914,7195353,690,859
2015,New Mexico,730816,49.79,736966,50,1467782,0.82,2085109,808633,834819,1643452,704,893
2015,New York,5689829,48.67,6000010,51,11689839,1.11,19795791,7706731,8363726,16070457,591,727
2015,North Carolina,3469901,48.46,3690720,52,7160621,0.92,10042802,3855271,4155199,8010470,713,894
2015,North Dakota,283682,52.05,261345,48,545027,0.63,756927,308828,291814,600642,720,907
2015,Ohio,3839738,48.46,4083701,52,7923439,0.76,11613423,4501948,4793103,9295051,682,852
2015,Oklahoma,1276575,48.69,1345158,51,2621733,0.88,3911338,1499350,1555823,3055173,670,858
2015,Oregon,1384681,49.3,1423867,51,2808548,0.8,4028977,1602541,1662443,3264984,697,860
2015,Pennsylvania,4436952,49.61,4506015,50,8942967,0.85,12802503,5051811,5379733,10431544,699,857
2015,Rhode Island,364553,48.9,380917,51,745470,0.87,1056298,417237,453874,871111,706,856
2015,South Carolina,1770019,48.05,1913805,52,3683824,0.92,4896146,1886353,2041073,3927426,752,938
2015,South Dakota,332694,50.74,323013,49,655707,0.62,858469,334738,334448,669186,764,980
2015,Tennessee,2212868,47.88,2408533,52,4621401,0.85,6600299,2541672,2731652,5273324,700,876
2015,Texas,7824635,49.27,8055241,51,15879876,0.74,27469114,10359829,10679182,21039011,578,755
2015,Utah,969059,50.64,944505,49,1913564,0.87,2995919,1087382,1091484,2178866,639,878
2015,Vermont,272862,49.72,275937,50,548799,0.85,626042,254483,266860,521343,877,1053
2015,Virginia,2805622,48.2,3014587,52,5820209,0.82,8382993,3276384,3445115,6721499,694,866
2015,Washington,2849266,51.65,2666868,48,5516134,0.84,7170351,2852519,2885223,5737742,769,961
2015,West Virginia,579212,49.62,588134,50,1167346,0.74,1844128,739350,769050,1508400,633,774
2015,Wisconsin,2092911,49.89,2101848,50,4194759,0.78,5771337,2282044,2344645,4626689,727,907
2015,Wyoming,215799,51.08,206651,49,422450,0.52,586107,235241,226502,461743,721,915
2014,Alabama,1887023,48.62,1994519,51.38,3881542,0.73,4849377,1850520,2018569,3869089,800,1003
2014,Alaska,250745,47.16,280999,52.84,531744,0.68,736732,301326,268918,570244,722,932
2014,Arizona,2453665,50.26,2428136,49.74,4881801,0.88,6731484,2609768,2681353,5291121,725,923
2014,Arkansas,1038874,49.19,1072999,50.81,2111873,0.77,2966369,1136553,1202216,2338769,712,903
2014,California,12562214,50.63,12251132,49.37,24813346,0.89,38802500,15129276,15565575,30694851,639,808
2014,Colorado,1986768,51.16,1896594,48.84,3883362,0.82,5355866,2121402,2122655,4244057,725,915
2014,Connecticut,1254209,49.33,1288379,50.67,2542588,0.9,3596677,1408386,1510604,2918990,707,871
2014,Delaware,356242,48.64,376107,51.36,732349,0.77,935614,360500,393480,753980,783,971
2014,Dist. of Col.,205433,48.92,214463,51.08,419896,1.34,658893,259696,294404,554100,637,758
2014,Florida,6801601,48.94,7096746,51.06,13898347,0.91,19893297,7893617,8416529,16310146,699,852
2014,Georgia,3154117,47.43,3496317,52.57,6650434,0.83,10097343,3797487,4082599,7880086,659,844
2014,Hawaii,467908,51.84,434731,48.16,902639,0.66,1419561,576172,566710,1142882,636,790
2014,Idaho,566663,50.21,561834,49.79,1128497,0.64,1634464,622041,628189,1250230,690,903
2014,Illinois,4117722,49.18,4255843,50.82,8373565,0.81,12880580,4974169,5264047,10238216,650,818
2014,Indiana,2183871,49.1,2264228,50.9,4448099,0.74,6596855,2532561,2663154,5195715,674,856
2014,Iowa,1103271,49.52,1124679,50.48,2227950,0.63,3107126,1213806,1249101,2462907,717,905
2014,Kansas,999818,49.46,1021453,50.54,2021271,0.81,2904021,1117418,1142870,2260288,696,894
2014,Kentucky,1481935,49.32,1522984,50.68,3004919,0.73,4413457,1712742,1801478,3514220,681,855
2014,Louisiana,1595750,48.17,1716880,51.83,3312630,0.87,4649676,1768061,1889623,3657684,712,906
2014,Maine,503693,49.43,515225,50.57,1018918,0.86,1330089,535061,568365,1103426,766,923
2014,Maryland,2038539,49.2,2104458,50.8,4142997,1.05,5976407,2285455,2493283,4778738,693,867
2014,Massachusetts,2357610,49.47,2407976,50.53,4765586,0.97,6745408,2645934,2876731,5522665,706,863
2014,Michigan,3448100,48.93,3598333,51.07,7046433,0.88,9909877,3868887,4087387,7956274,711,886
2014,Minnesota,1686830,50.24,1670638,49.76,3357468,0.65,5457173,2129995,2187956,4317951,615,778
2014,Mississippi,938995,47.48,1038684,52.52,1977679,0.96,2994079,1122269,1221747,2344016,661,844
2014,Missouri,2103429,48.97,2191795,51.03,4295224,0.81,6063589,2342500,2486668,4829168,708,889
2014,Montana,390536,50.8,378167,49.2,768703,0.49,1023579,412202,411666,823868,751,933
2014,Nebraska,693692,50.13,690001,49.87,1383693,0.73,1881503,723430,740948,1464378,735,945
2014,Nevada,918198,51.11,878245,48.89,1796443,0.81,2839099,1125691,1124292,2249983,633,798
2014,New Hampshire,537483,50.14,534480,49.86,1071963,0.83,1326813,536860,557313,1094173,808,980
2014,New Jersey,3020014,49.08,3132620,50.92,6152634,0.91,8938175,3456345,3707467,7163812,688,859
2014,New Mexico,720178,49.84,724679,50.16,1444857,0.76,2085572,805542,833067,1638609,693,882
2014,New York,5806337,51.3,5511861,48.7,11318198,1.04,19746227,7669925,8337367,16007292,573,707
2014,North Carolina,3404244,48.46,3621089,51.54,7025333,0.91,9943964,3807288,4102985,7910273,706,888
2014,North Dakota,273542,51.85,253999,48.15,527541,0.62,739482,301655,286871,588526,713,896
2014,Ohio,3835277,48.45,4080630,51.55,7915907,0.77,11594163,4484168,4781062,9265230,683,854
2014,Oklahoma,1135024,46.29,1316948,53.71,2451972,0.7,3878051,1485698,1542294,3027992,632,810
2014,Oregon,1376809,49.43,1408637,50.57,2785446,0.83,3970239,1575847,1634834,3210681,702,868
2014,Pennsylvania,4425045,49.63,4490596,50.37,8915641,0.86,12787209,5036386,5370237,10406623,697,857
2014,Rhode Island,365814,48.88,382523,51.12,748337,0.88,1055173,415839,452736,868575,709,862
2014,South Carolina,1737987,48.04,1879548,51.96,3617535,0.92,4832482,1859248,2008864,3868112,749,935
2014,South Dakota,307326,50.39,302582,49.61,609908,0.61,853175,332585,332731,665316,715,917
2014,Tennessee,2216142,48.04,2397024,51.96,4613166,0.86,6549352,2516442,2707249,5223691,704,883
2014,Texas,7714337,49.3,7934396,50.7,15648733,0.77,26956958,10146764,10463418,20610182,581,759
2014,Utah,716585,50.26,709118,49.74,1425703,0.67,2942902,1063538,1068310,2131848,484,669
2014,Vermont,271795,49.84,273517,50.16,545312,0.9,626562,254132,266280,520412,870,1048
2014,Virginia,2809780,48.7,2959283,51.3,5769063,0.82,8326289,3247094,3418338,6665432,693,866
2014,Washington,2790748,51.67,2610391,48.33,5401139,0.85,7061530,2802234,2836195,5638429,765,958
2014,West Virginia,582047,49.67,589860,50.33,1171907,0.78,1850326,741935,771897,1513832,633,774
2014,Wisconsin,2096238,50.05,2091956,49.95,4188194,0.8,5757564,2271230,2336067,4607297,727,909
2014,Wyoming,217481,51.29,206506,48.71,423987,0.52,584153,235007,225992,460999,726,920
2013,Alabama,1877988,48.66,1981415,51.34,3859403,0.81,4833722,1842793,2005783,3848576,798,1003
2013,Alaska,279562,52.86,249311,47.14,528873,0.69,735132,299087,268285,567372,719,932
2013,Arizona,2408632,50.27,2382818,49.73,4791450,0.9,6626624,2562168,2627215,5189383,723,923
2013,Arkansas,1032179,49.22,1065022,50.78,2097201,0.89,2959373,1130996,1197422,2328418,709,901
2013,California,12353744,50.65,12036492,49.35,24390236,0.89,38332521,14917168,15301483,30218651,636,807
2013,Colorado,1966325,51.24,1871163,48.76,3837488,0.83,5268367,2080390,2082442,4162832,728,922
2013,Connecticut,1250661,49.35,1283429,50.65,2534090,0.9,3596080,1402924,1505770,2908694,705,871
2013,Delaware,352305,48.68,371352,51.32,723657,0.77,925749,355649,388505,744154,782,972
2013,Dist. of Col.,198292,48.89,207263,51.11,405555,1.3,646449,255112,290256,545368,627,744
2013,Florida,6690226,48.94,6980215,51.06,13670441,0.92,19552860,7745904,8250380,15996284,699,855
2013,Georgia,3150900,47.69,3456116,52.31,6607016,0.86,9992167,3750855,4024995,7775850,661,850
2013,Hawaii,477830,52.22,437203,47.78,915033,0.7,1404054,568088,560796,1128884,652,811
2013,Idaho,557799,50.19,553686,49.81,1111485,0.66,1612136,611789,619176,1230965,689,903
2013,Illinois,4056283,49.1,4205299,50.9,8261582,0.82,12882135,4962880,5246078,10208958,641,809
2013,Indiana,2214668,49.21,2285735,50.79,4500403,0.81,6570902,2517417,2647571,5164988,685,871
2013,Iowa,1057729,49.34,1085936,50.66,2143665,0.61,3090416,1204865,1242875,2447740,694,876
2013,Kansas,998399,49.48,1019360,50.52,2017759,0.78,2893957,1111367,1137151,2248518,697,897
2013,Kentucky,1491227,49.39,1528056,50.61,3019283,0.76,4395295,1701926,1791971,3493897,687,864
2013,Louisiana,1580313,48.21,1697830,51.79,3278143,0.85,4625470,1757785,1875789,3633574,709,902
2013,Maine,500034,49.44,511351,50.56,1011385,0.85,1328302,532921,566603,1099524,761,920
2013,Maryland,2040317,49.28,2099788,50.72,4140105,1.1,5928814,2266985,2470583,4737568,698,874
2013,Massachusetts,2357610,49.47,2407976,50.53,4765586,0.97,6692824,2618528,2848401,5466929,712,872
2013,Michigan,3413148,48.85,3573439,51.15,6986587,0.86,9895622,3849851,4072780,7922631,706,882
2013,Minnesota,1672434,50.21,1658291,49.79,3330725,0.64,5420380,2112284,2171321,4283605,614,778
2013,Mississippi,936228,47.55,1032679,52.45,1968907,0.96,2991207,1118991,1215937,2334928,658,843
2013,Missouri,2097189,48.99,2183249,51.01,4280438,0.74,6044171,2329576,2474532,4804108,708,891
2013,Montana,389731,50.83,376985,49.17,766716,0.5,1015165,408258,408234,816492,755,939
2013,Nebraska,689123,50.14,685406,49.86,1374529,0.75,1868516,717481,735999,1453480,736,946
2013,Nevada,897158,51.09,858937,48.91,1756095,0.81,2790136,1105139,1097762,2202901,629,797
2013,New Hampshire,532504,50.17,528929,49.83,1061433,0.76,1323459,533178,553947,1087125,802,976
2013,New Jersey,2984736,49.08,3096650,50.92,6081386,0.87,8899339,3432308,3683164,7115472,683,855
2013,New Mexico,725752,49.83,730748,50.17,1456500,0.79,2085287,803217,829766,1632983,698,892
2013,New York,5772229,51.49,5438554,48.51,11210783,1.07,19651127,7622014,8285525,15907539,570,705
2013,North Carolina,3303029,48.41,3519873,51.59,6822902,0.88,9848060,3761364,4051469,7812833,693,873
2013,North Dakota,264776,51.53,249062,48.47,513838,0.62,723393,295504,282463,577967,710,889
2013,Ohio,3892753,48.48,4137668,51.52,8030421,0.79,11570808,4463373,4767193,9230566,694,870
2013,Oklahoma,1110632,45.93,1307675,54.07,2418307,0.71,3850568,1474205,1530065,3004270,628,805
2013,Oregon,1375317,49.59,1398056,50.41,2773373,0.78,3930065,1556173,1614709,3170882,706,875
2013,Pennsylvania,4417549,49.65,4479041,50.35,8896590,0.86,12773801,5018973,5362787,10381760,696,857
2013,Rhode Island,366628,48.93,382604,51.07,749232,0.9,1051511,413127,450575,863702,713,867
2013,South Carolina,1698898,48.04,1837506,51.96,3536404,0.91,4774839,1833659,1979864,3813523,741,927
2013,South Dakota,303928,50.35,299715,49.65,603643,0.61,844877,329050,330271,659321,714,916
2013,Tennessee,2215761,48.12,2389339,51.88,4605100,0.87,6495978,2491623,2679915,5171538,709,890
2013,Texas,7618215,49.32,7829058,50.68,15447273,0.79,26448193,9938578,10227030,20165608,584,766
2013,Utah,837770,50.43,823449,49.57,1661219,0.81,2900872,1045409,1049677,2095086,573,793
2013,Vermont,267516,49.26,275541,50.74,543057,0.9,626630,253864,265434,519298,867,1046
2013,Virginia,2707678,48.33,2895087,51.67,5602765,0.81,8260405,3216345,3386222,6602567,678,849
2013,Washington,2737843,51.64,2563787,48.36,5301630,0.84,6971406,2757333,2796303,5553636,760,955
2013,West Virginia,585076,49.7,592060,50.3,1177136,0.83,1854304,742776,773619,1516395,635,776
2013,Wisconsin,2084758,49.98,2086669,50.02,4171427,0.8,5742713,2260144,2324943,4585087,726,910
2013,Wyoming,216288,51.32,205185,48.68,421473,0.51,582658,234370,225471,459841,723,917
2012,Alabama,1863219,48.68,1964303,51.32,3827522,0.82,4822023,1830443,1995807,3826250,794,1000
2012,Alaska,278498,52.91,247873,47.09,526371,0.72,731449,295344,269358,564702,720,932
2012,Arizona,2363009,50.3,2334570,49.7,4697579,0.95,6553255,2523235,2588652,5111887,717,919
2012,Arkansas,1024189,46.57,1174975,53.43,2199164,0.94,2949131,1124748,1191184,2315932,746,950
2012,California,12274575,50.72,11926422,49.28,24200997,0.92,38041430,14750900,15136491,29887391,636,810
2012,Colorado,1950743,51.23,1856930,48.77,3807673,0.88,5187582,2041006,2047343,4088349,734,931
2012,Connecticut,1226100,49.33,1259608,50.67,2485708,0.96,3590347,1394501,1500693,2895194,692,859
2012,Delaware,351553,48.81,368737,51.19,720290,0.8,917092,351931,383558,735489,785,979
2012,Dist. of Col.,196412,48.98,204581,51.02,400993,1.34,632323,249216,284643,533859,634,751
2012,Florida,6768578,48.71,7128003,51.29,13896581,0.93,19317568,7644224,8141964,15786188,719,880
2012,Georgia,3142656,47.75,3438878,52.25,6581534,0.9,9919945,3719755,3984305,7704060,663,854
2012,Hawaii,477830,52.22,437203,47.78,915033,0.78,1392313,562982,559186,1122168,657,815
2012,Idaho,548438,50.18,544539,49.82,1092977,0.7,1595728,603674,611438,1215112,685,899
2012,Illinois,4044505,49.11,4191240,50.89,8235745,0.85,12875255,4939784,5230741,10170525,640,810
2012,Indiana,2677443,49.8,2698530,50.2,5375973,0.94,6537334,2497696,2630187,5127883,822,1048
2012,Iowa,1094590,49.37,1122714,50.63,2217304,0.67,3074186,1195942,1236508,2432450,721,912
2012,Kansas,997017,49.41,1021012,50.59,2018029,0.87,2885905,1105292,1135402,2240694,699,901
2012,Kentucky,1473263,49.35,1511971,50.65,2985234,0.85,4380415,1694131,1780760,3474891,681,859
2012,Louisiana,1404715,48.05,1519029,51.95,2923744,0.78,4601893,1743629,1862245,3605874,635,811
2012,Maine,498680,49.46,509510,50.54,1008190,0.91,1329192,530886,565406,1096292,758,920
2012,Maryland,2026605,49.4,2075549,50.6,4102154,1.08,5884563,2244809,2452171,4696980,697,873
2012,Massachusetts,2343354,49.5,2390582,50.5,4733936,0.99,6646144,2591826,2823728,5415554,712,874
2012,Michigan,3425174,48.8,3593539,2,7018713,0.94,9883360,3833047,4060638,7893685,710,889
2012,Minnesota,1669037,50.25,1652723,49.75,3321760,0.69,5379139,2093328,2153126,4246454,618,782
2012,Mississippi,930437,47.52,1027543,52.48,1957980,0.98,2984926,1110709,1212202,2322911,656,843
2012,Missouri,2107064,49.13,2181424,50.87,4288488,0.79,6021988,2315045,2463346,4778391,712,897
2012,Montana,384714,50.77,373098,49.23,757812,0.58,1005141,404338,404182,808520,754,937
2012,Nebraska,683317,50.11,680279,49.89,1363596,0.76,1855525,710790,731101,1441891,735,946
2012,Nevada,884244,51.17,843816,48.83,1728060,0.85,2758931,1090380,1080157,2170537,626,796
2012,New Hampshire,533747,50.14,530857,49.86,1064604,0.88,1320718,529965,551580,1081545,806,984
2012,New Jersey,2965595,49.1,3074028,50.9,6039623,0.81,8864590,3411417,3667941,7079358,681,853
2012,New Mexico,712776,49.83,717699,50.17,1430475,0.84,2085538,799590,828266,1627856,686,879
2012,New York,5783312,51.41,5465305,48.59,11248617,1.13,19570261,7570409,8246432,15816841,575,711
2012,North Carolina,3232106,48.4,3445587,51.6,6677693,0.89,9752073,3713291,4003258,7716549,685,865
2012,North Dakota,257601,51.23,245206,48.77,502807,0.66,699628,285176,276537,561713,719,895
2012,Ohio,3878398,48.44,4127785,51.56,8006183,0.83,11544225,4441813,4752748,9194561,694,871
2012,Oklahoma,1098514,45.76,1301844,54.24,2400358,0.73,3814820,1461647,1516560,2978207,629,806
2012,Oregon,1376292,49.69,1393465,50.31,2769757,0.81,3899353,1540925,1596367,3137292,710,883
2012,Pennsylvania,4389890,49.64,4452697,50.36,8842587,0.89,12763536,5000250,5356456,10356706,693,854
2012,Rhode Island,367444,49.01,382262,50.99,749706,0.93,1050292,410965,449694,860659,714,871
2012,South Carolina,1798662,52.05,1657269,47.95,3455931,0.93,4723723,1808004,1954786,3762790,732,918
2012,South Dakota,305385,50.33,301394,49.67,606779,0.67,833354,324811,326486,651297,728,932
2012,Tennessee,2204973,48.21,2368898,51.79,4573871,0.89,6456243,2472461,2659222,5131683,708,891
2012,Texas,7536823,49.41,7715369,50.59,15252192,0.79,26059203,9764813,10061009,19825822,585,769
2012,Utah,899714,50.3,889108,49.7,1788822,0.95,2855287,1025382,1030267,2055649,626,870
2012,Vermont,263431,49.75,266070,50.25,529501,0.93,626011,253129,264670,517799,846,1023
2012,Virginia,2678667,48.36,2859813,51.64,5538480,0.81,8185867,3180905,3356886,6537791,677,847
2012,Washington,2704667,51.74,2523222,48.26,5227889,0.94,6897012,2721264,2768409,5489673,758,952
2012,West Virginia,645662,52,595924,48,1241586,0.91,1855413,741756,774129,1515885,669,819
2012,Wisconsin,2024426,49.9,2032223,50.1,4056649,0.84,5726398,2247273,2313487,4560760,708,889
2012,Wyoming,217073,51.49,204507,48.51,421580,0.56,576412,232328,223051,455379,731,926
2011,Alabama,1850949,48.73,1947603,51.27,3798552,0.82,4802740,1822432,1986388,3808820,791,997
2011,Alaska,276323,53.01,244957,46.99,521280,0.73,722718,289107,266213,555320,721,939
2011,Arizona,2309425,50.29,2282973,49.71,4592398,0.95,6482505,2487041,2551321,5038362,708,911
2011,Arkansas,905039,46.27,1051052,53.73,1956091,0.84,2937979,1119572,1185994,2305566,666,848
2011,California,12110173,50.76,11746427,49.24,23856600,0.85,37691912,14574544,14953130,29527674,633,808
2011,Colorado,1826708,49.78,1843108,50.22,3669816,0.9,5116796,2006216,2013919,4020135,717,913
2011,Connecticut,1483107,49.66,1503160,50.34,2986267,1.11,3580709,1385366,1492610,2877976,834,1038
2011,Delaware,349979,48.87,366130,51.13,716109,0.81,907135,347805,378687,726492,789,986
2011,Dist. of Col.,194101,49.08,201341,50.92,395442,1.37,617996,244576,279418,523994,640,755
2011,Florida,6758251,48.68,7124172,51.32,13882423,0.94,19057542,7524786,8016226,15541012,728,893
2011,Georgia,3106213,47.75,3399477,52.25,6505690,0.9,9815210,3673145,3930514,7603659,663,856
2011,Hawaii,476751,52.29,434909,47.71,911660,0.83,1374810,550565,553662,1104227,663,826
2011,Idaho,544105,50.19,539887,49.81,1083992,0.7,1584985,597773,605015,1202788,684,901
2011,Illinois,4122828,49.23,4251141,50.77,8373969,0.84,12869257,4920677,5217113,10137790,651,826
2011,Indiana,3329965,50.69,3239700,49.31,6569665,1.12,6516922,2484351,2618559,5102910,1008,1287
2011,Iowa,1080499,49.3,1111216,50.7,2191715,0.67,3062309,1188765,1231631,2420396,716,906
2011,Kansas,1001712,49.45,1023869,50.55,2025581,0.87,2871238,1096117,1130707,2226824,705,910
2011,Kentucky,1461221,49.37,1498660,50.63,2959881,0.82,4369356,1686475,1777493,3463968,677,854
2011,Louisiana,1539671,48.32,1646556,51.68,3186227,0.81,4574836,1731218,1850350,3581568,696,890
2011,Maine,503042,49.57,511784,50.43,1014826,0.92,1328188,529430,563705,1093135,764,928
2011,Maryland,1875291,48.63,1981313,51.37,3856604,1.04,5828289,2215117,2425686,4640803,662,831
2011,Massachusetts,2314271,49.42,2369052,50.58,4683323,0.86,6587536,2559875,2794881,5354756,711,875
2011,Michigan,3445758,48.81,3613751,51.19,7059509,0.81,9876187,3817458,4047355,7864813,715,898
2011,Minnesota,1663590,50.32,1642549,49.68,3306139,0.72,5344861,2076531,2136568,4213099,619,785
2011,Mississippi,919586,47.73,1007017,52.27,1926603,0.98,2978512,1106451,1207060,2313511,647,833
2011,Missouri,2099099,49.08,2177938,50.92,4277037,0.86,6010688,2306087,2455708,4761795,712,898
2011,Montana,382046,50.77,370437,49.23,752483,0.65,998199,400572,401304,801876,754,938
2011,Nebraska,679651,50.11,676726,49.89,1356377,0.75,1842641,705709,727206,1432915,736,947
2011,Nevada,872514,51.3,828315,48.7,1700829,0.83,2723322,1072781,1060492,2133273,625,797
2011,New Hampshire,529879,50.14,527010,49.86,1056889,0.89,1318194,526188,548076,1074264,802,984
2011,New Jersey,2934896,49.1,3042562,50.9,5977458,0.8,8821155,3381390,3642116,7023506,678,851
2011,New Mexico,707160,49.85,711481,50.15,1418641,0.85,2082224,795560,825446,1621006,681,875
2011,New York,5772229,51.49,5438554,48.51,11210783,1.14,19465197,7507761,8193493,15701254,576,714
2011,North Carolina,3186895,48.51,3382446,51.49,6569341,1.11,9656401,3664501,3958249,7622750,680,862
2011,North Dakota,249389,50.88,240757,49.12,490146,0.66,683932,277711,272029,549740,717,892
2011,Ohio,3864118,48.41,4118031,51.59,7982149,0.82,11544951,4427103,4744413,9171516,691,870
2011,Oklahoma,1083603,45.71,1287040,54.29,2370643,0.73,3791508,1450703,1506422,2957125,625,802
2011,Oregon,1381495,49.8,1392461,50.2,2773956,0.93,3871859,1525405,1581742,3107147,716,893
2011,Pennsylvania,4367606,49.65,4429168,50.35,8796774,0.9,12742886,4978101,5344837,10322938,690,852
2011,Rhode Island,367444,49.01,382262,50.99,749706,0.86,1051302,409938,449514,859452,713,872
2011,South Carolina,1633307,47.92,1775011,52.08,3408318,0.93,4679230,1787899,1932504,3720403,728,916
2011,South Dakota,303026,50.23,300232,49.77,603258,0.66,824082,320361,322781,643142,732,938
2011,Tennessee,2190213,48.2,2353546,51.8,4543759,0.9,6403353,2446176,2635963,5082139,710,894
2011,Texas,7490331,49.53,7632187,50.47,15122518,0.8,25674681,9571845,9896630,19468475,589,777
2011,Utah,876404,50.15,871083,49.85,1747487,0.98,2817222,1008750,1015275,2024025,620,863
2011,Vermont,259466,49.74,262200,50.26,521666,0.92,626431,252516,264326,516842,833,1009
2011,Virginia,2646835,48.41,2820210,51.59,5467045,0.82,8096604,3138688,3316928,6455616,675,847
2011,Washington,2683024,51.81,2495765,48.19,5178789,0.93,6830038,2692309,2736130,5428439,758,954
2011,West Virginia,595779,49.7,603058,50.3,1198837,0.87,1855364,741496,774218,1515714,646,791
2011,Wisconsin,2077314,50.09,2070156,49.91,4147470,0.85,5711767,2237749,2303531,4541280,726,913
2011,Wyoming,217612,51.58,204316,48.42,421928,0.56,568158,227907,219838,447745,743,942
2010,Alabama,1857738,48.81,1948013,51.19,3805751,0.83,4779736,1810745,1971055,3781800,796,1006
2010,Alaska,273711,53.12,241528,46.88,515239,0.74,710231,284293,259915,544208,725,947
2010,Arizona,2235995,50.32,2207652,49.68,4443647,1.04,6392017,2437034,2507447,4944481,695,899
2010,Arkansas,1021622,49.17,1056184,50.83,2077806,1.02,2915918,1108864,1175880,2284744,713,909
2010,California,12077712,50.85,11675729,49.15,23753441,0.71,37253956,14337992,14741056,29079048,638,817
2010,Colorado,1936995,51.25,1842278,48.75,3779273,2.49,5029196,1962109,1975722,3937831,751,960
2010,Connecticut,1457064,49.65,1477512,50.35,2934576,0.97,3574097,1373924,1485283,2859207,821,1026
2010,Delaware,339023,48.78,356013,51.22,695036,0.88,897934,342696,374157,716853,774,970
2010,Dist. of Col.,189189,49.15,195751,50.85,384940,1.93,601723,239203,273372,512575,640,751
2010,Florida,6795571,48.71,7154155,51.29,13949726,0.99,18801310,7391989,7891277,15283266,742,913
2010,Georgia,3114152,47.85,3393736,52.15,6507888,0.78,9687653,3601334,3876861,7478195,672,870
2010,Hawaii,476084,52.35,433323,47.65,909407,1.03,1360301,543085,547994,1091079,669,833
2010,Idaho,537514,50.26,532028,49.74,1069542,0.82,1567582,589075,595783,1184858,682,903
2010,Illinois,4122828,49.23,4251141,50.77,8373969,0.84,12830632,4884648,5188201,10072849,653,831
2010,Indiana,2784718,50.17,2765751,49.83,5550469,0.99,6483802,2462243,2599151,5061394,856,1097
2010,Iowa,1066141,49.2,1100618,50.8,2166759,0.66,3046355,1178244,1223956,2402200,711,902
2010,Kansas,1006755,49.52,1026337,50.48,2033092,0.85,2853118,1084540,1122060,2206600,713,921
2010,Kentucky,1457342,49.4,1492849,50.6,2950191,0.83,4339367,1670520,1762140,3432660,680,859
2010,Louisiana,1515134,48.35,1618497,51.65,3133631,0.79,4533372,1714324,1829950,3544274,691,884
2010,Maine,505443,49.57,514295,50.43,1019738,0.99,1328361,527315,561937,1089252,768,936
2010,Maryland,1922648,49.07,1995657,50.93,3918305,0.87,5773552,2185344,2398765,4584109,679,855
2010,Massachusetts,2255492,49.11,2337008,50.89,4592500,0.87,6547629,2531101,2772686,5303787,701,866
2010,Michigan,3463931,48.9,3619176,51.1,7083107,0.92,9883640,3798521,4033715,7832236,717,904
2010,Minnesota,1650132,50.29,1631331,49.71,3281463,0.68,5303925,2051872,2116447,4168319,619,787
2010,Mississippi,917699,47.59,1010788,52.41,1928487,0.97,2967297,1100634,1199218,2299852,650,839
2010,Missouri,2086053,49.13,2160196,50.87,4246249,0.83,5988927,2289523,2440978,4730501,709,898
2010,Montana,377351,50.75,366260,49.25,743611,0.83,989415,395598,396922,792520,752,938
2010,Nebraska,677342,50.12,674174,49.88,1351516,0.77,1826341,697101,720709,1417810,740,953
2010,Nevada,870906,51.49,820412,48.51,1691318,1.27,2700551,1061342,1048388,2109730,626,802
2010,New Hampshire,519950,50.14,517133,49.86,1037083,0.87,1316470,521320,544957,1066277,788,973
2010,New Jersey,2923314,49.11,3029269,50.89,5952583,0.92,8791894,3351572,3624917,6976489,677,853
2010,New Mexico,700577,49.83,705349,50.17,1405926,0.9,2059179,783804,816594,1600398,683,878
2010,New York,5816064,51.53,5469766,48.47,11285830,1.04,19378102,7441137,8147667,15588804,582,724
2010,North Carolina,3185667,48.74,3350934,51.26,6536601,1.16,9535483,3610138,3900432,7510570,686,870
2010,North Dakota,245028,50.72,238069,49.28,483097,0.67,672591,271997,267949,539946,718,895
2010,Ohio,3851216,48.36,4112156,51.64,7963372,0.72,11536504,4404397,4729434,9133831,690,872
2010,Oklahoma,1073315,45.7,1275403,54.3,2348718,0.72,3751351,1433439,1490850,2924289,626,803
2010,Oregon,1381285,49.87,1388449,50.13,2769734,0.93,3831074,1503630,1561059,3064689,723,904
2010,Pennsylvania,4339641,49.67,4397521,50.33,8737162,0.89,12702379,4941116,5319183,10260299,688,852
2010,Rhode Island,367081,49.08,380794,50.92,747875,0.97,1052567,408324,448908,857232,711,872
2010,South Carolina,1739389,52.12,1597858,47.88,3337247,0.93,4625364,1763417,1906548,3669965,722,909
2010,South Dakota,301903,50.13,300372,49.87,602275,0.67,814180,315054,319129,634183,740,950
2010,Tennessee,2176558,49.26,2241652,50.74,4418210,0.88,6346105,2417135,2605646,5022781,696,880
2010,Texas,7519994,49.61,7637656,50.39,15157650,0.83,25145561,9350891,9684364,19035255,603,796
2010,Utah,835670,50.35,824165,49.65,1659835,0.62,2763885,985395,993584,1978979,601,839
2010,Vermont,255403,49.74,258078,50.26,513481,0.93,625741,250500,262748,513248,821,1000
2010,Virginia,2618903,48.48,2783444,51.52,5402347,0.89,8001024,3089650,3273211,6362861,675,849
2010,Washington,2645282,51.8,2461085,48.2,5106367,0.94,6724540,2634593,2693174,5327767,759,958
2010,West Virginia,599234,49.69,606792,50.31,1206026,0.86,1852994,738594,772762,1511356,651,798
2010,Wisconsin,2070241,50.09,2063136,49.91,4133377,0.84,5686986,2218662,2288245,4506907,727,917
2010,Wyoming,216496,51.61,202970,48.39,419466,0.66,563626,225399,217742,443141,744,947
